{"cameraMode":{"drawMode":0,"name":"Shaded","section":"Shading Mode"},"sceneLighting":true,"audioPlay":false,"sceneViewState":{"m_AlwaysRefresh":false,"showFog":true,"showSkybox":true,"showFlares":true,"showImageEffects":true,"showParticleSystems":true,"showVisualEffectGraphs":true,"m_FxEnabled":true},"in2DMode":false,"pivot":{"x":-0.002532987855374813,"y":1.2302474975585938,"z":-0.1561117172241211},"rotation":{"x":0.05337832495570183,"y":0.934481143951416,"z":-0.1587846428155899,"w":0.31414443254470827},"size":2.3407649993896486,"orthographic":false}