{"cameraMode":{"drawMode":0,"name":"Shaded","section":"Shading Mode"},"sceneLighting":true,"audioPlay":false,"sceneViewState":{"m_AlwaysRefresh":false,"showFog":true,"showSkybox":true,"showFlares":true,"showImageEffects":true,"showParticleSystems":true,"showVisualEffectGraphs":true,"m_FxEnabled":true},"in2DMode":false,"pivot":{"x":0.041000813245773318,"y":1.026362419128418,"z":-0.4158961772918701},"rotation":{"x":-0.0027048401534557344,"y":0.9898463487625122,"z":-0.140812948346138,"w":-0.019007442519068719},"size":0.9521037936210632,"orthographic":false}