{"cameraMode":{"drawMode":0,"name":"Shaded","section":"Shading Mode"},"sceneLighting":true,"audioPlay":false,"sceneViewState":{"m_AlwaysRefresh":false,"showFog":true,"showSkybox":true,"showFlares":true,"showImageEffects":true,"showParticleSystems":true,"showVisualEffectGraphs":true,"m_FxEnabled":true},"in2DMode":false,"pivot":{"x":0.02884271927177906,"y":1.2624906301498414,"z":-0.475691556930542},"rotation":{"x":0.00002032988595601637,"y":0.9974880814552307,"z":-0.0707496851682663,"w":0.0002991095243487507},"size":0.9521037936210632,"orthographic":false}